{"cameraMode":{"drawMode":0,"name":"Shaded","section":"Shading Mode"},"sceneLighting":true,"audioPlay":false,"sceneViewState":{"showFog":true,"showMaterialUpdate":true,"showSkybox":true,"showFlares":true,"showImageEffects":true,"showParticleSystems":true},"in2DMode":false,"pivot":{"x":-2.4108150005340578,"y":-6.325176239013672,"z":132.0994110107422},"rotation":{"x":-0.02849661558866501,"y":-0.008404254913330078,"z":0.00023649033391848207,"w":-0.9995893239974976},"size":134.3289794921875,"orthographic":false}