{"cameraMode":{"drawMode":0,"name":"Shaded","section":"Shading Mode"},"sceneLighting":true,"audioPlay":false,"sceneViewState":{"showFog":true,"showMaterialUpdate":false,"showSkybox":true,"showFlares":true,"showImageEffects":true,"showParticleSystems":true},"in2DMode":false,"pivot":{"x":64.60609436035156,"y":-4.024404525756836,"z":-10.179293632507325},"rotation":{"x":-0.059592973440885547,"y":-0.7884144186973572,"z":0.07736283540725708,"w":-0.6073501706123352},"size":39.043052673339847,"orthographic":false}