{"cameraMode":{"drawMode":0,"name":"Shaded","section":"Shading Mode"},"sceneLighting":true,"audioPlay":false,"sceneViewState":{"showFog":true,"showMaterialUpdate":false,"showSkybox":true,"showFlares":true,"showImageEffects":true,"showParticleSystems":true},"in2DMode":false,"pivot":{"x":20.877399444580079,"y":-12.218576431274414,"z":153.3629913330078},"rotation":{"x":0.045737311244010928,"y":0.08232878148555756,"z":-0.003785572713240981,"w":0.995552659034729},"size":88.40938568115235,"orthographic":false}